name,code,rating,e,s,g
AJ네트웍스,95570,B,D,B,B
AK홀딩스,6840,B+,C,B+,B+
BGF,27410,B+,B,A,B+
BGF리테일,282330,A,B+,B+,A
BNK금융지주,138930,A+,B+,A+,A+
BYC,1460,B,D,B,B+
CJ,1040,A,B,A,A
CJ CGV,79160,A,B,A,A
CJ ENM,35760,B+,C,A,A
CJ대한통운,120,A,A,B,A
CJ씨푸드,11150,B,C,B+,B+
CJ제일제당,97950,A,A,A+,A
CJ프레시웨이,51500,A,B,A+,A
CMG제약,58820,C,D,B,C
CS홀딩스,590,C,D,C,B
DB,12030,B,D,B,B
DB금융투자,16610,B,D,A,B
DB손해보험,5830,B+,A,A,B+
DB하이텍,990,B+,B+,A,B+
DGB금융지주,139130,A+,A,A+,A+
DRB동일,4840,B,B,B+,B
DSR,155660,C,B,B,C
DSR제강,69730,C,C,B,C
E1,17940,B,C,A,B+
F&F,7700,D,D,C,C
GKL,114090,B+,C,A,A
GS,78930,B+,C,A,A
GS건설,6360,A,A,B+,A
GS글로벌,1250,B,D,B+,B+
GS리테일,7070,B,C,B+,B+
GS홈쇼핑,28150,A,B+,A,A
HDC,12630,B+,C,B+,B+
HDC아이콘트롤스,39570,C,D,C,B
HDC현대EP,89470,B,B,B+,B
HDC현대산업개발,294870,B,C,B,B+
HMM,11200,A,A,A+,A
HSD엔진,82740,A,B+,A,A
JB금융지주,175330,A+,A,A,A+
JW생명과학,234080,B+,B+,B+,B+
JW중외제약,1060,B,B,B+,B
JW홀딩스,96760,B+,C,B+,B+
JYP Ent.,35900,B,D,B,B
KB금융,105560,A+,A+,A+,A+
KCC건설,21320,C,C,B,C
KC그린홀딩스,9440,B,B,B+,B
KC코트렐,119650,B,B,B,B
KEC,92220,B,B+,B+,C
KG이니시스,35600,C,D,B,D
KG케미칼,1390,D,C,C,D
KISCO홀딩스,1940,C,B,B,C
KPX케미칼,25000,B,B,C,B
KPX홀딩스,92230,C,C,C,B
KR모터스,40,C,D,C,B
KSS해운,44450,B+,B,B+,B+
KTB투자증권,30210,C,D,B,C
KTH,36030,B+,C,B+,B+
KTcs,58850,B,D,B+,B+
KTis,58860,B,D,B+,B+
KT서브마린,60370,B,D,B+,B+
LF,93050,B,D,B,B+
LG,3550,A,B+,A+,B+
LG디스플레이,34220,A,B+,A+,B+
LG상사,1120,A,A,A+,A
LG생활건강,51900,A,A,A+,A
LG유플러스,32640,B,B+,B+,B
LG이노텍,11070,A,A,A+,B+
LG전자,66570,B+,A,A+,B
LG하우시스,108670,A,A,A+,A
LG헬로비전,37560,B+,D,B+,A
LG화학,51910,B,C,A,B+
LIG넥스원,79550,A,B+,A,A
LS,6260,B+,B,B+,A
LS네트웍스,680,B,D,B+,B
LS전선아시아,229640,B,D,C,B+
MH에탄올,23150,B,C,B,B+
NAVER,35420,A,B+,A,A+
NHN한국사이버결제,60250,B,D,B,B+
NH투자증권,5940,B+,B,A+,B+
NICE,34310,B,D,B,B+
NICE평가정보,30190,B,D,B,B
NI스틸,8260,C,D,C,B
OCI,10060,A,A,A+,A
RFHIC,218410,C,D,C,B
S&TC,100840,B+,B,B,B+
S&T모티브,64960,B+,B,B+,B+
S&T중공업,3570,B+,B+,B+,B+
S&T홀딩스,36530,B+,C,B+,B+
S-Oil,10950,A+,A,A+,A+
SBS,34120,B,C,B,B+
SBS미디어홀딩스,101060,B,C,B,B
SBS콘텐츠허브,46140,C,D,C,B
SG세계물산,4060,C,D,B,C
SG충방,1380,D,C,C,D
SH에너지화학,2360,C,C,C,B+
SIMPAC,9160,C,C,B,C
SK,34730,A+,A,A+,A+
SKC,11790,A,B+,A+,A
SKC 솔믹스,57500,B,B,B,B+
SKC코오롱PI,178920,B,C,B,B+
SK가스,18670,A,B+,A+,A
SK네트웍스,1740,A+,B+,A+,A+
SK디스커버리,6120,A,B,A,A
SK디앤디,210980,B,C,B,B+
SK렌터카,68400,B,B,C,B
SK머티리얼즈,36490,B+,B,A,B+
SK바이오랜드,52260,B,C,B,B+
SK이노베이션,96770,A,A,A+,A
SK증권,1510,B,D,A,B
SK케미칼,285130,B+,B+,A,B+
SK텔레콤,17670,A+,A+,A,A+
SK하이닉스,660,A,A,A+,A
SPC삼립,5610,B+,B,A,B
STX,11810,B,C,B+,B
STX엔진,77970,B+,B+,B+,B
STX중공업,71970,B,C,B+,B+
TCC스틸,2710,C,B,B,C
WISCOM,24070,C,C,C,B+
YG PLUS,37270,B,D,B,B
가온전선,500,B+,B,B+,B+
강남제비스코,860,B,B,C,B
강스템바이오텍,217730,C,D,C,B
강원랜드,35250,A,B,A,A
갤럭시아에스엠,11420,C,D,C,C
갤럭시아컴즈,94480,C,D,C,B
경농,2100,C,B,B+,C
경동나비엔,9450,B+,B,B+,B+
경동도시가스,267290,B+,B,A,B+
경동인베스트,12320,B,C,B,B+
경방,50,C,C,B,B
경보제약,214390,B,B,B,B
경인양행,12610,B,B,C,B
경인전자,9140,C,D,C,B
계룡건설산업,13580,B,B,B,B+
계양전기,12200,B,B,B+,B
고려산업,2140,C,C,C,C
고려아연,10130,B+,B+,B,B+
고려제강,2240,B,B+,B+,C
고영,98460,B+,B,B+,B+
광동제약,9290,B,C,B+,B+
광명전기,17040,C,C,C,C
광전자,17900,B,C,B,B+
광주신세계,37710,B+,C,A,B+
교보증권,30610,B,D,B+,B
국도화학,7690,B,B,B,B
국동,5320,B,D,C,B+
국보,1140,C,B,C,C
국제약품,2720,C,D,B,C
그린케미칼,83420,B,B,B,B
극동유화,14530,B,B,C,B
금강공업,14280,C,C,B,B
금비,8870,C,C,B,C
금양,1570,D,D,C,C
금호산업,2990,C,B,B+,C
금호석유화학,11780,A,B+,A,A
금호에이치티,214330,D,D,C,C
금호전기,1210,B,B,B,B
금호타이어,73240,B,B,C,B+
기신정기,92440,C,D,B,B
기아자동차,270,A,A,A+,B+
기업은행,24110,B+,B+,A,B+
까뮤이앤씨,13700,C,D,C,B
깨끗한나라,4540,B+,B,B+,B+
나노메딕스,74610,B,B,C,B
나노스,151910,C,C,B,C
나노엔텍,39860,C,D,C,B
나스미디어,89600,B,D,B,B+
나우IB,293580,C,D,B,C
남광토건,1260,B,B,B,B
남선알미늄,8350,B,C,B+,B
남성,4270,C,D,B,B
남양유업,3920,B,C,B+,B+
남영비비안,2070,C,D,B,B
남해화학,25860,B,B,B,B+
네오팜,92730,C,D,B,B
네이처셀,7390,C,D,C,C
넥센,5720,B+,B,B+,B+
넥센타이어,2350,B+,B+,B+,B
넥스트사이언스,3580,C,D,B,C
넥슨지티,41140,C,D,B,C
넷마블,251270,B,D,B+,B+
노루페인트,90350,B,B,B,B
노루홀딩스,320,C,C,B,C
녹십자,6280,B+,B,A,B
녹십자랩셀,144510,C,D,B,B
녹십자셀,31390,C,D,B,B
녹십자홀딩스,5250,B,C,B+,B
농심,4370,B+,B+,A,B
농심홀딩스,72710,B+,B,B+,B+
농우바이오,54050,C,D,C,B+
다스코,58730,B,C,B,B+
다우기술,23590,B,C,B+,B
다우데이타,32190,B,D,B+,B
다원시스,68240,C,C,B,B
대교,19680,B+,D,B+,A
대구백화점,6370,B,D,B,B+
대덕전자,8060,A,B+,A,A
대동공업,490,B,B,B,B
대동전자,8110,C,B,C,C
대림비앤코,5750,B,C,B,B+
대림산업,210,B+,A,B+,B+
대림씨엔에스,4440,B,C,B,B+
대림통상,6570,B,B,B,B
대상,1680,B,B,B+,B
대상홀딩스,84690,B,C,B,B
대성산업,128820,C,C,B,C
대성에너지,117580,B,B,B+,B
대성홀딩스,16710,B,C,B+,B
대신증권,3540,B,D,B+,B+
대아티아이,45390,B,D,C,B+
대양금속,9190,B,B,C,B
대영포장,14160,C,B,C,D
대우건설,47040,B+,A,B+,B+
대우부품,9320,D,D,C,C
대우조선해양,42660,B+,B+,B,A
대웅,3090,C,C,B+,C
대웅제약,69620,B+,B,A,B+
대원강업,430,B,B,B+,B
대원전선,6340,C,C,C,C
대원제약,3220,B,D,B+,B+
대원화성,24890,B+,B+,B,B+
대유에이텍,2880,C,C,C,C
대유플러스,300,C,C,C,C
대창,12800,C,B+,B,C
대창단조,15230,B,B,B,B
대한광통신,10170,C,C,C,B+
대한방직,1070,C,C,C,B+
대한유화,6650,B,B+,B+,C
대한전선,1440,B+,B,B+,B+
대한제강,84010,B,B+,B,B
대한제당,1790,C,C,C,B
대한제분,1130,C,C,B,C
대한항공,3490,A,A,A+,B+
대한해운,5880,B,C,B,B
대한화섬,3830,C,B,B+,C
대현,16090,C,D,C,B
대호에이엘,69460,B,B,C,B
대화제약,67080,B,D,B,B+
더블유게임즈,192080,B,D,B+,B+
더존비즈온,12510,B,C,B+,B
덕성,4830,B,B,C,B+
덕양산업,24900,B,B,B,B
덴티움,145720,C,D,C,B+
도화엔지니어링,2150,B+,B,B,B+
동국제강,1230,B+,B+,A,B
동국제약,86450,C,D,B+,D
동남합성,23450,C,D,C,B
동방,4140,C,B,C,C
동방아그로,7590,C,D,C,B
동부건설,5960,C,C,B,B
동부제철,16380,B,B,B+,B
동서,26960,C,D,B,C
동성제약,2210,C,D,B,B
동성코퍼레이션,102260,B,B,B+,B
동성화학,5190,C,C,B,B
동아쏘시오홀딩스,640,B+,C,A,A
동아에스티,170900,B+,D,B+,A
동아지질,28100,C,C,C,C
동아타이어,282690,B,C,B,B
동양,1520,C,C,C,B
동양고속,84670,B,C,B,B+
동양네트웍스,30790,C,D,B,D
동양물산기업,2900,B+,B,B+,B+
동양생명,82640,B,D,B+,B+
동양철관,8970,C,C,C,C
동양피스톤,92780,B,B,B,B+
동원F&B,49770,B,B,B+,B
동원개발,13120,C,D,C,B
동원금속,18500,B,C,B,B+
동원산업,6040,B,C,B,B+
동원수산,30720,C,D,B,B
동원시스템즈,14820,C,B,B,C
동일고무벨트,163560,B+,B,B+,B+
동일산업,4890,B,B+,C,B+
동일제강,2690,C,C,C,B
동진쎄미켐,5290,C,C,B,C
동화약품,20,B,D,B+,B
두산,150,A+,A+,A+,A
두산밥캣,241560,B+,D,A,A
두산인프라코어,42670,A,A,A+,A
두산중공업,34020,A,A,A+,B+
두올,16740,B,C,B,B+
드림어스컴퍼니,60570,C,C,B,B
디씨엠,24090,C,C,C,B
디아이,3160,B,B,B,B
디아이동일,1530,D,D,C,C
디아이씨,92200,C,C,B,C
디오,39840,C,D,B,B
디와이,13570,C,C,C,B+
디와이파워,210540,C,D,B,B
디티알오토모티브,7340,B,B,C,B
디피씨,26890,B,D,B,B+
락앤락,115390,C,C,B+,C
레고켐바이오,141080,C,D,C,B
로보스타,90360,C,D,C,B
롯데관광개발,32350,C,D,B,C
롯데손해보험,400,B+,C,A,A
롯데쇼핑,23530,A,A,A+,A
롯데정밀화학,4000,A,A,A+,A
롯데정보통신,286940,A,B+,A,A
롯데제과,280360,A,A,A+,B+
롯데지주,4990,B+,B,A,B
롯데칠성음료,5300,B+,B+,A,B+
롯데케미칼,11170,A,B+,A,A
롯데푸드,2270,A,B+,A+,B+
롯데하이마트,71840,A,B+,A+,A
리노공업,58470,B,C,B,B+
리더스 기술투자,19570,D,D,C,D
마니커,27740,C,D,B+,C
만도,204320,A,A,A+,A
만호제강,1080,C,C,B,B
매일유업,267980,B+,B+,B+,B+
멀티캠퍼스,67280,B,D,B,B
메디톡스,86900,C,D,D,B
메디파트너생명공학,15540,C,D,C,C
메디포스트,78160,B,D,B+,B+
메리츠금융지주,138040,B+,D,B+,A
메리츠종금증권,8560,B+,B,A,B+
메리츠화재,60,B,D,B+,B+
메이슨캐피탈,21880,D,D,C,D
메지온,140410,C,D,C,C
메타랩스,90370,C,D,B,B
명문제약,17180,C,D,B,B
모나리자,12690,B,B,B,B
모나미,5360,C,D,C,B
모두투어,80160,B,D,B+,B+
모토닉,9680,B,B,B,B
무림P&P,9580,B+,B+,B+,B+
무림페이퍼,9200,B+,B+,B+,B+
무학,33920,C,B,C,C
문배철강,8420,C,D,C,B
미래산업,25560,B,B,C,B
미래아이앤지,7120,C,D,C,C
미래에셋대우,6800,A,B+,A+,B+
미래에셋생명,85620,B,D,B+,B
미래컴퍼니,49950,B,D,B,B+
미래테크놀로지,213090,B,D,B,B+
미원상사,2840,C,D,B,B
미원에스씨,268280,C,C,C,B
미원홀딩스,107590,C,C,C,C
미원화학,134380,C,C,C,C
미창석유공업,3650,C,C,C,B
방림,3610,B,B,C,B
백광산업,1340,C,B,C,D
백광소재,14580,C,C,B,B
백산,35150,C,C,B,B
범양건영,2410,C,D,C,B
벽산,7210,C,B,B,C
보락,2760,C,D,C,B
보령제약,3850,C,D,B,B
보해양조,890,B,B,B,B
부광약품,3000,C,D,C,B
부국증권,1270,B,D,B,B
부국철강,26940,D,D,C,C
부산도시가스,15350,B,C,B+,B+
부산산업,11390,D,D,C,C
부산주공,5030,C,B,C,C
비상교육,100220,B,D,B+,B
비에이치,90460,D,D,C,C
비티원,101140,C,D,B,C
빙그레,5180,A,B+,A+,A
사람인에이치알,143240,B,D,B+,B
사조대림,3960,C,D,B,B
사조동아원,8040,C,D,C,B
사조산업,7160,D,D,C,D
사조씨푸드,14710,C,D,B,B
사조오양,6090,C,D,B,C
삼광글라스,5090,C,C,B,C
삼부토건,1470,C,C,B,B
삼성SDI,6400,A,A,A,A
삼성공조,6660,C,C,C,B
삼성물산,28260,A,A+,A,B+
삼성바이오로직스,207940,B+,B,A,B+
삼성생명,32830,B+,A,A,B+
삼성에스디에스,18260,A,B+,A+,A
삼성엔지니어링,28050,A,A,A+,A
삼성전기,9150,A,A,A+,A
삼성전자,5930,A,A,A+,B+
삼성제약,1360,C,B,C,D
삼성중공업,10140,B+,B+,B,A
삼성증권,16360,B+,B,A+,B
삼성출판사,68290,C,D,C,B
삼성카드,29780,B,D,B+,B+
삼성화재,810,A,A+,A+,A
삼아알미늄,6110,B,B,C,B
삼양사,145990,B+,B+,B+,B
삼양식품,3230,B,B,B,B
삼양통상,2170,C,B,C,D
삼양패키징,272550,C,C,B+,C
삼양홀딩스,70,B+,B,B+,B+
삼영무역,2810,C,D,C,C
삼영전자공업,5680,B+,B+,B+,B
삼영화학공업,3720,C,B,C,C
삼원강재,23000,B,B+,C,B
삼익THK,4380,B+,B,B,B+
삼익악기,2450,C,D,C,B
삼일제약,520,B,D,B+,B
삼정펄프,9770,C,C,B,C
삼진제약,5500,B,D,B+,B
삼천당제약,250,C,D,B,C
삼천리,4690,B+,B+,A,B+
삼표시멘트,38500,B+,B+,B,B+
삼호,1880,B,B,B+,B
삼호개발,10960,D,D,C,C
삼화왕관,4450,B,B,C,B
삼화전기,9470,C,C,B,B
삼화전자공업,11230,D,D,C,C
삼화콘덴서공업,1820,B,B,B,B
삼화페인트공업,390,B+,B,B+,B+
상상인,38540,C,D,C,C
상상인증권,1290,C,D,B,C
상신브레이크,41650,B,B,B,B
새론오토모티브,75180,B,B,B,B
샘표,7540,C,B,B+,C
샘표식품,248170,C,B,B+,C
서부T&D,6730,C,D,C,B
서연,7860,B+,C,B+,B+
서연이화,200880,B+,B,B+,B+
서울도시가스,17390,B,C,B+,B
서울반도체,46890,C,B,B+,C
서울식품공업,4410,B,B,B,B
서원,21050,B,B,C,B
서흥,8490,C,C,C,B
선도전기,7610,B,B,C,B
선진,136490,B,D,B,B+
선창산업,2820,B+,B,B,B+
성문전자,14910,C,C,B,C
성보화학,3080,C,D,B,B
성신양회,4980,C,B+,B,C
성안,11300,C,C,C,B
성창기업지주,180,C,D,C,C
세기상사,2420,C,D,C,C
세방,4360,B+,B,B+,B+
세방전지,4490,B,B+,B,B
세아베스틸,1430,B,B,B,B+
세아제강,306200,B,B,B+,B
세아제강지주,3030,B,C,B,B
세아특수강,19440,B,B,C,B
세아홀딩스,58650,B,C,B,B+
세우글로벌,13000,C,B,C,C
세원셀론텍,91090,B,B,B,B
세원정공,21820,C,C,B+,D
세이브존I&C,67830,C,D,B,C
세종공업,33530,C,B,B+,C
세진중공업,75580,B,D,B+,B+
세하,27970,B,B+,B,B
세화아이엠씨,145210,C,D,C,C
셀트리온,68270,B+,B,B,B+
셀트리온제약,68760,C,D,C,B
셀트리온헬스케어,91990,B,D,B,B+
솔브레인,36830,C,C,B,B
송원산업,4430,B,B+,B+,C
수산중공업,17550,B,B,B,B
스튜디오드래곤,253450,B,D,B,B+
시그네틱스,33170,C,B,B,C
시디즈,134790,C,D,C,B
신대양제지,16590,C,C,C,C
신도리코,29530,B,B,B+,B
신라교역,4970,C,D,C,B
신라젠,215600,C,D,C,B
신성이엔지,11930,C,C,C,B
신성통상,5390,C,C,D,C
신세계,4170,A,B+,A,A
신세계I&C,35510,B+,B,B+,B+
신세계건설,34300,B,C,B,B+
신세계인터내셔날,31430,A,B,A,A
신세계푸드,31440,B+,B,B+,B+
신송홀딩스,6880,B,D,B,B+
신영와코루,5800,C,D,B,C
신영증권,1720,B,D,B,B+
신원,9270,D,D,C,C
신일산업,2700,C,D,C,B
신풍제약,19170,B,D,B,B+
신풍제지,2870,B,B+,C,B
신한지주,55550,A+,A+,A,A+
신화실업,1770,D,D,C,D
신화인터텍,56700,B,B,B,B
신흥,4080,B,D,B,B
실리콘웍스,108320,B,C,B+,B+
쌍방울,102280,C,D,B,C
쌍용양회공업,3410,B+,B,B+,B+
쌍용자동차,3620,B+,B+,B,B+
써니전자,4770,C,C,B,B
씨아이테크,4920,C,D,C,C
씨에스윈드,112610,B,B,C,B
씨젠,96530,C,D,C,C
아난티,25980,C,D,B,D
아남전자,8700,C,C,C,C
아모레퍼시픽,90430,A,A,A+,A
아모레퍼시픽그룹,2790,A,A,A+,A
아미코젠,92040,C,D,C,C
아세아,2030,C,C,B,C
아세아시멘트,183190,B+,B+,B+,B
아세아제지,2310,B,C,B,B
아시아나IDT,267850,B,D,B,B
아시아나항공,20560,B,B+,B+,C
아이마켓코리아,122900,B,D,B,B+
아이에스동서,10780,B,B,B,B+
아이에이치큐,3560,B,D,B,B+
아주IB투자,27360,C,D,B,C
아주캐피탈,33660,B,D,B+,B
아프리카TV,67160,B,D,B,B
안랩,53800,B+,C,B+,B+
안트로젠,65660,C,D,C,B+
알루코,1780,B,B,B,B
애경산업,18250,B,C,B+,B
애경유화,161000,B,B+,C,B
에넥스,11090,B,B,B+,B
에버다임,41440,A,B+,B+,A
에스모,73070,C,C,C,C
에스에프에이,56190,B+,B,B+,B+
에스엘,5850,C,B,B+,D
에스엠,41510,C,D,B,D
에스엠코어,7820,B,B,C,B
에스원,12750,B+,B,A,B+
에스제이엠,123700,C,C,B,C
에스제이엠홀딩스,25530,B,C,B,B
에스티큐브,52020,C,D,C,C
에스티팜,237690,B,D,B+,B+
에쓰씨엔지니어링,23960,C,C,B,B
에어부산,298690,B,C,B+,B
에이블씨엔씨,78520,C,D,B,C
에이엔피,15260,C,B,C,C
에이치엘비,28300,C,D,B,C
에이치엘비생명과학,67630,C,D,C,C
에이프로젠 KIC,7460,C,C,D,C
에이프로젠제약,3060,C,D,C,C
에코프로,86520,B,C,B+,B+
엔씨소프트,36570,B+,D,B+,A
엔에스쇼핑,138250,B+,C,B+,A
엔에이치엔,181710,B,D,B+,B+
엔지켐생명과학,183490,C,D,C,B
엔케이,85310,C,B,C,C
엔케이물산,9810,C,D,C,C
엔피씨,4250,C,C,C,C
엘앤에프,66970,B,B,B+,B
엘에스일렉트릭,10120,A,B+,A+,B+
영보화학,14440,B,B,B,B
영원무역,111770,B,D,B,B+
영원무역홀딩스,9970,B,D,B,B
영진약품,3520,B,D,B+,B+
영풍,670,C,D,B,D
영풍정밀,36560,B,B,B,B
영풍제지,6740,B,B,C,B
영화금속,12280,B,B,C,B
영흥철강,12160,B,C,B,B+
예스코홀딩스,15360,B,D,B+,B+
오뚜기,7310,B+,B+,A,B
오리엔트바이오,2630,C,B,B,C
오리온,271560,B+,B,B+,A
오리온홀딩스,1800,B+,C,B+,A
오리콤,10470,B,D,B+,B+
오스코텍,39200,C,D,C,C
오스템임플란트,48260,C,D,B,C
올릭스,226950,B,D,B,B+
와이엔텍,67900,C,D,C,C
와이지-원,19210,B,D,B+,B
와이지엔터테인먼트,122870,C,D,B,C
용평리조트,70960,B,C,B,B
우리금융지주,316140,B+,B+,B+,B+
우리기술투자,41190,D,D,C,D
우리들제약,4720,C,D,B,C
우리들휴브레인,118000,C,D,C,B
우리종금,10050,B,D,B,B
우성사료,6980,C,D,C,C
우신시스템,17370,B+,B,B,B+
우진,105840,B+,B,B,B+
우진아이엔에스,10400,C,C,C,B+
우진플라임,49800,B,B,B,B
웅진,16880,B,D,B,B+
웅진씽크빅,95720,B,D,B,B
원림,5820,C,D,B,C
원익IPS,240810,B,C,B+,B+
웰바이오텍,10600,B,D,B,B
웹젠,69080,B,D,B,B+
위메이드,112040,B,D,B,B
윌비스,8600,C,D,C,C
유나이티드,33270,B,B,B+,B
유니드,14830,B,B,B,B
유니온,910,C,C,B,C
유니온머티리얼,47400,B,B,B,B
유니켐,11330,B,B,C,B
유니퀘스트,77500,B,D,C,B+
유성기업,2920,C,B,C,C
유수홀딩스,700,B,C,B,B+
유안타증권,3470,B,D,B+,B
유양디앤유,11690,D,C,C,D
유엔젤,72130,C,B,C,C
유유제약,220,B,B,C,B
유진기업,23410,C,C,B+,C
유진투자증권,1200,B,C,B+,B
유한양행,100,B+,B+,B+,B+
유화증권,3460,C,D,C,B
율촌화학,8730,B,C,B+,B+
이건산업,8250,B,C,B,B
이구산업,25820,B,B,C,B
이노션,214320,B+,D,A,A
이녹스첨단소재,272290,C,C,B,B
이니텍,53350,B,D,B,B
이마트,139480,A,A,A+,A
이베스트투자증권,78020,B,D,B,B
이수페타시스,7660,B,B+,B+,C
이수화학,5950,C,B,B,C
이스타코,15020,C,D,C,B
이아이디,93230,D,D,C,C
이연제약,102460,C,D,B,B
이오테크닉스,39030,B,B,B,B
이월드,84680,C,D,C,B
이테크건설,16250,B,B,B+,B
이화산업,760,C,C,C,C
인디에프,14990,C,D,B,B
인선이엔티,60150,C,C,C,B
인스코비,6490,C,B,C,C
인지컨트롤스,23800,C,C,B,C
인천도시가스,34590,B,C,B,B+
인크로스,216050,C,D,C,B
인터지스,129260,B+,B,B,B+
인터플렉스,51370,C,B,B,C
인트론바이오,48530,B,B,C,B
인팩,23810,C,C,C,B
일동제약,249420,A,B+,A+,B+
일동홀딩스,230,B+,B,A,B+
일성건설,13360,B,B,B,B
일성신약,3120,C,D,B,B
일신방직,3200,B,B,B,B
일신석재,7110,C,D,C,B
일양약품,7570,B,D,B,B+
일정실업,8500,C,C,C,C
일진다이아,81000,C,C,B,B
일진디스플,20760,B,B,B,B
일진머티리얼즈,20150,C,B,C,C
일진전기,103590,C,C,B,C
일진홀딩스,15860,B,C,B,B
잇츠한불,226320,B,C,B,B
자화전자,33240,B,B,B+,B
전방,950,C,C,B+,C
제넥신,95700,B,D,B+,B
제이에스코퍼레이션,194370,C,D,C,B+
제이준코스메틱,25620,C,D,C,B
제이콘텐트리,36420,B,D,B,B
제일기획,30000,B+,D,A,B+
제일약품,271980,C,D,B,B
제일연마,1560,C,C,C,B
제일파마홀딩스,2620,B,D,B,B
제주은행,6220,B+,C,A,A
제주항공,89590,B,C,B+,B+
젬백스,82270,D,D,C,D
조광페인트,4910,C,C,B,B
조광피혁,4700,C,D,C,B
조비,1550,C,D,B,B
조선내화,480,C,B,B,C
조선선재,120030,C,D,C,B+
조일알미늄,18470,B,B,C,B
조흥,2600,B,B,C,B
종근당,185750,B,C,B+,B+
종근당바이오,63160,C,B,C,C
종근당홀딩스,1630,C,C,B+,C
주성엔지니어링,36930,B,B,B+,B
주연테크,44380,C,C,B,C
지니뮤직,43610,B,D,B,B+
지엠비코리아,13870,C,C,B,C
지역난방공사,71320,A,B+,A+,B+
지코,10580,C,C,C,C
지투알,35000,B,D,B+,B+
지트리비앤티,115450,C,D,B,B
진도,88790,B,D,B,B
진양산업,3780,C,D,C,B
진양폴리우레탄,10640,C,D,C,B
진양홀딩스,100250,C,D,C,C
진양화학,51630,D,D,C,C
진에어,272450,B+,C,B+,A
진원생명과학,11000,C,D,C,B
진흥기업,2780,C,C,B,B
차바이오텍,85660,C,D,C,B
참엔지니어링,9310,B,B,B,B
천일고속,650,B,C,B,B+
청호컴넷,12600,B,B,C,B
체시스,33250,C,C,B,C
카카오,35720,B+,C,A+,A
카페24,42000,B,D,B,B+
카프로,6380,B+,B+,B,B+
컨버즈,109070,D,C,C,D
컴투스,78340,B,D,B,B+
케어젠,214370,C,D,C,B
케이비아이동국실업,1620,C,B,B,C
케이씨,29460,B+,B,B,B+
케이씨씨,2380,B+,B+,A,B
케이씨텍,281820,B,B,B,B
케이씨티시,9070,B,B,B,B
케이엠더블유,32500,C,C,C,B+
케이티,30200,A+,A,A,A+
케이티스카이라이프,53210,B+,C,B+,B+
케이티앤지,33780,A,B+,A+,A
코리아써키트,7810,C,B+,B,C
코리아오토글라스,152330,B,B,B,B
코리안리,3690,B,D,B,B+
코미팜,41960,C,D,B,B
코스맥스,192820,B+,B+,B+,B
코스맥스비티아이,44820,B,B,B,B
코스모신소재,5070,B+,B+,B,B+
코스모화학,5420,C,B,C,D
코아스,71950,B+,B,B,B+
코엔텍,29960,C,B,D,B
코오롱,2020,B,C,B+,B
코오롱글로벌,3070,B,C,B,B+
코오롱머티리얼,144620,B,C,B,B+
코오롱생명과학,102940,C,D,B+,D
코오롱인더,120110,B+,B+,B+,B+
코오롱플라스틱,138490,B+,B,B+,B+
코웨이,21240,A,A,A+,B+
코웰패션,33290,C,C,B,C
콜마비앤에이치,200130,C,D,C,B+
콤텍시스템,31820,C,D,B,C
쿠쿠홀딩스,192400,B,D,B,B+
쿠쿠홈시스,284740,C,D,C,C
큐로,15590,C,B,C,C
큐캐피탈,16600,C,D,B,D
크라운제과,264900,B,D,B+,B
크라운해태홀딩스,5740,B,D,B+,B
크리스탈,83790,C,D,C,B
클리오,237880,B,D,B,B+
키다리스튜디오,20120,B,B,B,B
키움증권,39490,B,D,B+,B+
태경산업,15890,B,B,B,B
태경화학,6890,D,D,C,C
태광산업,3240,C,B,B+,D
태림포장,11280,C,B,C,C
태양금속공업,4100,B,B+,B,B
태영건설,9410,B+,B,B+,B+
태원물산,1420,B,B,C,B
태평양물산,7980,C,D,B+,B
테스,95610,B,D,B+,B
테스나,131970,B,C,B,B
테이팩스,55490,B+,B+,B+,B
테크윙,89030,B,C,B,B+
텔코웨어,78000,B,D,B,B
텔콘RF제약,200230,C,D,B,B
토니모리,214420,C,D,C,B+
티비에이치글로벌,84870,B,C,B,B+
티씨케이,64760,B,C,B+,B
티에이치엔,19180,B,B,B,B
티웨이항공,91810,B,C,B,B
티웨이홀딩스,4870,C,D,B,C
티케이케미칼,104480,C,C,B,C
파라다이스,34230,B,D,B+,B+
파멥신,208340,C,D,B,C
파미셀,5690,B,B,C,B
파트론,91700,B,B,B+,B
팜스코,36580,B,D,B+,B+
팬오션,28670,B+,B,B,A
퍼스텍,10820,C,B,B,C
퍼시스,16800,B,B,B,B
펄어비스,263750,B,D,B,B
페이퍼코리아,1020,C,C,B,C
평화산업,90080,B,B,B,B
평화홀딩스,10770,B,C,B,B+
포스코,5490,A,A,B,A+
포스코 ICT,22100,B+,B,A,B+
포스코강판,58430,A,B+,A+,B+
포스코엠텍,9520,B+,B,B+,B+
포스코인터내셔널,47050,A+,A,A+,A+
포스코케미칼,3670,A,A,A+,B+
풀무원,17810,A+,A,A+,A+
풍산,103140,B+,B+,A,B+
풍산홀딩스,5810,B,B,B+,B
필룩스,33180,C,C,B,B
하나금융지주,86790,A,A,A,A
하나제약,293480,B,D,B,B+
하나투어,39130,B,D,B,B
하림,136480,B,C,B+,B+
하림지주,3380,B+,C,B+,A
하이스틸,71090,B,B,C,B
하이트론씨스템즈,19490,B,D,B,B+
하이트진로,80,B,B,B,B
하이트진로홀딩스,140,B,C,B,B
한국가스공사,36460,A,B+,A+,B+
한국공항,5430,C,D,B,B
한국금융지주,71050,B,D,B+,B+
한국내화,10040,C,C,B,D
한국단자공업,25540,C,C,B,B
한국석유공업,4090,C,C,C,B
한국수출포장공업,2200,B,B,C,B
한국쉘석유,2960,B,C,B+,B
한국아트라스비엑스,23890,B+,B,B,B+
한국자산신탁,123890,C,D,B,C
한국전력공사,15760,A,B+,A,A
한국전자홀딩스,6200,C,C,B,C
한국정보인증,53300,B,D,B+,B
한국조선해양,9540,B+,B+,B+,A
한국종합기술,23350,B,B,C,B
한국주강,25890,C,D,C,C
한국주철관공업,970,C,C,C,B
한국철강,104700,C,B+,B,C
한국카본,17960,B+,B,B,B+
한국캐피탈,23760,B,D,B,B
한국콜마,161890,B+,B,B+,B+
한국콜마홀딩스,24720,B,B,B,B
한국타이어앤테크놀로지,161390,B+,A,A+,B
한국테크놀로지그룹,240,B,B+,B+,B
한국토지신탁,34830,C,D,B,C
한국특수형강,7280,B,B,B,B
한국프랜지공업,10100,C,B,B+,C
한국항공우주,47810,A,A,A+,A
한국화장품,123690,B,D,B+,B
한국화장품제조,3350,C,D,B,B
한농화성,11500,C,C,C,B
한독,2390,B+,B+,B+,B
한라,14790,B+,B,B+,B+
한라홀딩스,60980,B+,B,B+,A
한미글로벌,53690,B+,B,B+,B+
한미반도체,42700,C,D,C,B
한미사이언스,8930,B,B,B,B
한미약품,128940,A,B+,A+,B+
한샘,9240,B+,B+,A+,B
한섬,20000,A,B+,A,A
한성기업,3680,C,D,B,C
한세실업,105630,B,C,B,B+
한세엠케이,69640,C,C,C,B
한세예스24홀딩스,16450,B,C,B,B
한솔로지스틱스,9180,B+,B,B+,A
한솔제지,213500,A,A,A,A
한솔케미칼,14680,B+,B,B+,B+
한솔테크닉스,4710,B+,B+,B+,A
한솔피엔에스,10420,A,B+,B+,A
한솔홀딩스,4150,A,B+,A,A
한솔홈데코,25750,B+,B,B+,A
한신공영,4960,C,C,B,B
한신기계공업,11700,C,B,C,C
한양증권,1750,C,D,B+,C
한온시스템,18880,B,B,B,B+
한올바이오파마,9420,B,D,B+,B
한익스프레스,14130,C,B,C,D
한일시멘트,300720,B,C,B+,B
한일철강,2220,D,D,D,C
한일현대시멘트,6390,B+,B,B+,B+
한일홀딩스,3300,B,D,B+,B+
한전KPS,51600,B+,B+,A,B+
한전기술,52690,B+,B+,A,B+
한전산업,130660,B+,B,B+,B+
한진,2320,B,B,C,B+
한진중공업,97230,B,B,B,B+
한진중공업홀딩스,3480,B,D,C,B+
한진칼,180640,B+,B,B,A
한창,5110,C,D,B,C
한창제지,9460,B,B,C,B
한화,880,A,B+,A,A
한화생명,88350,A,A,A+,B+
한화손해보험,370,B+,B,A,B
한화솔루션,9830,B+,A,A,B
한화에어로스페이스,12450,A,A,A,A
한화투자증권,3530,B+,B,A,B+
해성디에스,195870,A,A,A,A
해태제과식품,101530,B,D,B+,B
핸즈코퍼레이션,143210,B,B,B,B+
헬릭스미스,84990,B,D,C,B+
현대건설,720,A,A+,A,A
현대건설기계,267270,A,B+,A,A
현대그린푸드,5440,A,B+,A,A
현대글로비스,86280,A,A,A+,A
현대로템,64350,B+,B,A,B+
현대리바트,79430,A,B,A,A
현대모비스,12330,A,B+,A+,A
현대미포조선,10620,A,A,A+,A
현대백화점,69960,A,B+,A,A
현대비앤지스틸,4560,B+,B+,A,B+
현대약품,4310,B,B,B+,B
현대에이치씨엔,126560,B+,C,A,A
현대엘리베이터,17800,A,B+,A,A
현대위아,11210,A,A,A+,A
현대일렉트릭,267260,A,A,A+,A
현대자동차,5380,A,A,A+,A
현대제철,4020,B+,B+,A,B+
현대종합상사,11760,B,D,B,B
현대중공업지주,267250,A,B+,A,A
현대차증권,1500,A,B,A+,A
현대코퍼레이션홀딩스,227840,C,D,C,B
현대해상,1450,A,B+,A,A
현대홈쇼핑,57050,A,A,A,A
형지엘리트,93240,C,D,B,C
혜인,3010,C,B,C,C
호전실업,111110,C,D,C,B+
호텔신라,8770,A,A,A,A
화성산업,2460,B,C,B,B+
화승알앤에이,13520,B+,B+,B+,B+
화승엔터프라이즈,241590,B+,B+,B,A
화승인더스트리,6060,B,B,B,B+
화신,10690,C,D,B+,B
화인베스틸,133820,B,B,C,B
화천기계,10660,C,B,B,C
화천기공,850,C,D,C,B
환인제약,16580,B,D,B+,B+
황금에스티,32560,D,D,C,C
효성,4800,B+,A,A+,B
효성 ITX,94280,B+,C,B+,B+
효성중공업,298040,A,A,A+,A
효성첨단소재,298050,A+,A+,A+,A
효성티앤씨,298020,A+,A+,A+,A
효성화학,298000,A+,A+,A+,A
후성,93370,C,B,C,C
휠라홀딩스,81660,B+,B,B+,B+
휴니드테크놀러지스,5870,C,C,B,B
휴비스,79980,B+,B+,B+,B+
휴스틸,5010,C,B,B,C
휴온스,243070,B,D,B+,B
휴온스글로벌,84110,B,D,B+,B
휴젤,145020,C,C,C,B
휴켐스,69260,C,B,B+,C
흥국화재,540,B,D,A,B
흥아해운,3280,D,D,C,D
